group,r_mean,r_std,r_rmse,r_max,rr_mean,rr_std,rr_rmse,rr_max,avg_mean,avg_std,avg_rmse,avg_max
Charm,7.498191072083522,4.302607630733827,8.64325846912786,12.1927452213283,7.498191072083522,4.302607630733827,8.64325846912786,12.1927452213283,,,,
927b,30.387334661097324,15.370649789320622,34.05178591883482,48.561845499116224,30.105453992081245,14.766820506172797,33.53034376085861,54.11389862162546,9.988339686628693,4.928005116144856,11.13730377125351,20.78191663190871
Dumpareaa,0.5981465871326054,0.294402807460441,0.6664344447691174,1.1805469027505755,3.158004408638639,2.1796973534864432,3.8349275315589426,7.410226767647166,,,,
BA80b,0.48349183529644146,0.6339751716079296,0.796881492705113,1.8196083181026583,0.5314454090088494,0.42138678727652196,0.6780159253002874,1.5272464874613019,,,,
BIA6,4.635058759454261,5.279322832076697,7.023659532435751,18.8950888445635,11.848066034043601,7.427229481660207,13.981932510880695,26.784571721879143,2.959253213307088,3.150263342922672,4.321234612656725,9.099371738186932
