group,avg_mean,avg_std,avg_rmse,avg_max,r_mean,r_std,r_rmse,r_max,rr_mean,rr_std,rr_rmse,rr_max
BA80a,7.531043067193669,5.911118900884139,9.57278584740462,16.803770798516553,14.502939312345573,11.475126128748835,18.491606193180008,31.67380050989382,14.502939312345573,11.475126128748835,18.491606193180008,31.67380050989382
Charm,0.8549533877067009,0.2991495228929758,0.9057006590952037,1.3536458204108621,7.498191072083522,4.302607630733827,8.64325846912786,12.1927452213283,7.498191072083522,4.302607630733827,8.64325846912786,12.1927452213283
927b,9.706920216271424,4.872159364534773,10.86047387260518,19.99325572304203,30.105453992081245,14.766820506172797,33.53034376085861,54.11389862162546,30.105453992081245,14.766820506172797,33.53034376085861,54.11389862162546
Dumpareaa,0.192738739532774,0.10922297370881634,0.22143663048732234,0.3955231259568545,3.158004408638639,2.1796973534864432,3.8349275315589426,7.410226767647166,3.158004408638639,2.1796973534864432,3.8349275315589426,7.410226767647166
BA80b,0.4783504140180468,0.1451878972390228,0.4998635513920049,0.7141402684560273,0.5314454090088494,0.42138678727652196,0.6780159253002874,1.5272464874613019,0.5314454090088494,0.42138678727652196,0.6780159253002874,1.5272464874613019
BA5a,2.0360701211498546,1.1746726585980223,2.3504238524885306,4.325125714964985,16.62800019261562,10.509392329927689,19.668809539363576,35.31892483051832,16.62800019261562,10.509392329927689,19.668809539363576,35.31892483051832
BIA6,0.4573669422252674,0.2827777005600375,0.5376626374886346,0.9306465872193842,11.848066034043601,7.427229481660207,13.981932510880695,26.784571721879143,11.848066034043601,7.427229481660207,13.981932510880695,26.784571721879143
