group,avg_mean,avg_std,avg_rmse,avg_max,r_mean,r_std,r_rmse,r_max,rr_mean,rr_std,rr_rmse,rr_max
Charm,1.6315088274863827,0.736094880192277,1.789635904363798,2.5898699378231034,7.498191072083522,4.302607630733827,8.64325846912786,12.1927452213283,7.498191072083522,4.302607630733827,8.64325846912786,12.1927452213283
927b,9.706920216271424,4.872159364534773,10.86047387260518,19.99325572304203,30.387334661097324,15.370649789320622,34.05178591883482,48.561845499116224,30.105453992081245,14.766820506172797,33.53034376085861,54.11389862162546
Dumpareaa,0.4004290720692051,0.1791606243811111,0.4385480521634162,0.6745164570395316,0.5981465871326054,0.294402807460441,0.6664344447691174,1.1805469027505755,3.158004408638639,2.1796973534864432,3.8349275315589426,7.410226767647166
BA80b,0.3293046687203057,0.14858598734565576,0.36122378849624875,0.6399796671783697,0.48349183529644146,0.6339751716079296,0.796881492705113,1.8196083181026583,0.5314454090088494,0.42138678727652196,0.6780159253002874,1.5272464874613019
BA5a,6.644163690750817,4.801399871331164,8.196496925273442,15.51993866467818,,,,,,,,
BIA6,2.129132199745837,2.102780218823813,2.9918562524733767,6.340225668107502,4.635058759454261,5.279322832076697,7.023659532435751,18.8950888445635,11.848066034043601,7.427229481660207,13.981932510880695,26.784571721879143
